<?xml version="1.0" encoding="UTF-8"?>
<beans xmlns="http://www.springframework.org/schema/beans"
	xmlns:xsi="http://www.w3.org/2001/XMLSchema-instance"
	xmlns:context="http://www.springframework.org/schema/context"
	xsi:schemaLocation="http://www.springframework.org/schema/beans  http://www.springframework.org/schema/beans/spring-beans.xsd
      http://www.springframework.org/schema/context http://www.springframework.org/schema/context/spring-context.xsd">

<!-- 	<bean id="applicationProperties" class="org.springframework.beans.factory.config.PropertiesFactoryBean"> -->
<!-- 		<property name="ignoreResourceNotFound" value="true" /> -->
<!--  		<property name="locations"> -->
<!--         	<list> -->
<!--             	<value>classpath:properties/application.properties</value> -->
<!--             	<value>classpath:application.properties</value> -->
<!--         	</list> -->
<!--     	</property>		 -->
<!-- 	</bean> -->
	
<!-- 	<bean class="com.nimbusworx.retssync.PropertyHolder"> -->
<!--     	<constructor-arg ref="applicationProperties" /> -->
<!-- 	</bean> -->
	
<!-- 	<bean class="org.springframework.beans.factory.config.PropertyPlaceholderConfigurer"> -->
<!-- 		<property name="ignoreUnresolvablePlaceholders" value="true" /> -->
<!-- 		<property name="systemPropertiesModeName" value="SYSTEM_PROPERTIES_MODE_OVERRIDE"/> -->
<!-- 	    <property name="properties" ref="applicationProperties" /> -->
<!-- 	</bean> -->

	<context:component-scan base-package="com.zipperagent">
		<context:exclude-filter expression="org.springframework.stereotype.Controller" type="annotation" />
	</context:component-scan>
	
	<context:annotation-config />
</beans>