<?xml version="1.0" encoding="UTF-8"?>
<beans xmlns="http://www.springframework.org/schema/beans"
	xmlns:xsi="http://www.w3.org/2001/XMLSchema-instance" 
	xmlns:mvc="http://www.springframework.org/schema/mvc"
	xmlns:aop="http://www.springframework.org/schema/aop"
	xmlns:context="http://www.springframework.org/schema/context"
	xsi:schemaLocation="http://www.springframework.org/schema/beans  http://www.springframework.org/schema/beans/spring-beans.xsd
      http://www.springframework.org/schema/mvc  http://www.springframework.org/schema/mvc/spring-mvc.xsd
      http://www.springframework.org/schema/aop   http://www.springframework.org/schema/aop/spring-aop.xsd
      http://www.springframework.org/schema/context http://www.springframework.org/schema/context/spring-context.xsd
      ">

	<!-- Handles HTTP GET requests for /resources/** by efficiently serving 
		up static resources in the ${webappRoot}/resources directory -->
	<context:component-scan base-package="com.zipperagent" use-default-filters="false">
		<context:include-filter expression="org.springframework.stereotype.Controller" type="annotation" />
	</context:component-scan>
	
	<mvc:annotation-driven />
	<mvc:resources mapping="/resources/**" location="/resources/" />
	<mvc:resources location="/template/" mapping="template/**"/>

	<bean id="viewResolver" class="org.springframework.web.servlet.view.InternalResourceViewResolver">
		<property name="prefix">
			<value>/WEB-INF/views/</value>
		</property>
		<property name="suffix">
			<value>.jsp</value>
		</property>
		
	</bean>
</beans>